name,handle,pj_id,city,email
ASL Lahmi,asl-lahmi-524,FCP51168753CLIENTDCPREM000002C0001@0001,paris,aslplomberie@free.fr
Alpha Services,alpha-services-680,FCP09508204CLIENTDA3000004C0001@0001,paris,alphaservices75@gmail.com
Atie Bat,atie-bat-568,FCP58129129CLIENTDA3000006C0001@0001,paris,atiebat@gmail.com
Jacquier (Ets),jacquier-(ets)-660,05359248000007C0001@0001,paris,etsjacquier@wanadoo.fr
D.E.S.A,d.e.s.a-411,FCP06183599CLIENTDA3000007C0001@0001,paris,desa-services@hotmail.fr
ASV Services,asv-services-234,55295079000008C0001@0001,paris,contact@asvservices.fr
LDJ,ldj-316,FCP05422154CLIENTDA3000002C0001@0001,paris,f.baranes@plomberieldj.com
Ets Chaligny,ets-chaligny-138,FCP52018191CLIENTDA3000001C0001@0001,paris,etschaligny@yahoo.fr
Société Jouvenet,société-jouvenet-169,FCP58729528CLIENTDA3000007C0001@0001,paris,sebastienhalimi@hotmail.fr
San Marco,san-marco-571,FCP54843736CLIENTDA3000004C0001@0001,paris,societesanmarco@gmail.com
ARTI-PRO Plombier Paris 16,arti-pro-plombier-paris-16-848,FCP56404080CLIENTDA3000006C0001@0001,paris,artisan.artsrenov@gmail.com
EIS by Eugène & Gustave,eis-by-eugène-&-gustave-835,FCP01905893CLIENTDCESS000004C0001@0001,paris,eis@eugeneetgustave.com
Sanitaire Monceau,sanitaire-monceau-275,FCP05366010CLIENTDA3000002C0001@0001,paris,sanitaire-monceau@orange.fr
Plombier André,plombier-andré-176,FCP54105123CLIENTDA3000003C0001@0001,paris,saadoun.d@gmail.com
Btp Services,btp-services-656,FCP52116884CLIENTDCESS000001C0001@0001,paris,btpservices15@gmail.com
Entreprise Quentin,entreprise-quentin-219,FCP01762230CLIENTDA3000002C0001@0001,paris,quentinplombier@gmail.com
Artisan Paris Service,artisan-paris-service-868,FCP60167594CLIENTDA3000001C0001@0001,paris,artisanparisservice@gmail.com
Etablissement Ayeh,etablissement-ayeh-546,FCP59753551CLIENTDA3000003C0001@0001,paris,etablissementayehbatiment@gmail.com
Artisans 2000,artisans-2000-920,FCP02436878CLIENTDA3000002C0001@0001,paris,artisans.compagnons@live.fr
Lasry Cyril,lasry-cyril-325,FCP50026559CLIENTDA3000007C0001@0001,paris,cyrillasry@hotmail.com
Riboux Et Felden Ets,riboux-et-felden-ets-710,FCP00290328CLIENTDA3000005C0001@0001,paris,felden.didier@wanadoo.fr
La Plateforme Des Ouvriers,la-plateforme-des-ouvriers-895,FCP59761722CLIENTDCESS000003C0001@0001,paris,laplateformedesouvriers@gmail.com
Atelier Des Compagnons Service Domicile,atelier-des-compagnons-service-domicile-149,FCP58074514CLIENTDCESS000002C0001@0001,paris,atelierdescompagnons.pro@orange.fr
Au Rapide Dépannage,au-rapide-dépannage-805,FCP56530592CLIENTDA3000004C0001@0001,paris,contact@r-verrier.fr
Plomberie de Sèvres,plomberie-de-sèvres-941,FCP56463218CLIENTDA2000001C0001@0001,paris,plomberiedesevres@gmail.com
Etablissements Lefevre,etablissements-lefevre-722,58425692000005C0001@0001,paris,lefevre.idf@gmail.com
Entreprise Quentin,entreprise-quentin-235,FCP52361360CLIENTDA3000003C0001@0001,paris,quentinplombier@gmail.com
Ocampo Déco,ocampo-déco-399,FCP54970913CLIENTDA3000005C0001@0001,paris,ocampogluis@hotmail.com
Bernard Société,bernard-société-750,FCP02443827CLIENTDCPREM000002C0001@0001,paris,contact@societebernard.com
Entreprise Quentin,entreprise-quentin-165,FCP54353395CLIENTDA3000002C0001@0001,paris,quentinplombier@gmail.com
Centrale thermique plomberie et électricité,centrale-thermique-plomberie-et-électricité-702,FCP60022163CLIENTDA3000003C0001@0001,paris,ctpe.idf@gmail.com
Scènes Et Vernissages Rénovation - Entreprise générale du bâtiment,scènes-et-vernissages-rénovation---entreprise-générale-du-bâtiment-560,FCP09506728CLIENTDA3000002C0001@0001,paris,scenesetvernissages@orange.fr
Absolbat,absolbat-351,FCP55160160CLIENTDA3000001C0001@0001,paris,absolbat@gmail.com
DOMELEC75,domelec75-482,FCP53784418CLIENTDCESS000001C0001@0001,paris,domelec75@gmail.com
Ocampo Déco,ocampo-déco-622,FCP53569433CLIENTDA3000004C0001@0001,paris,ocampogluis@hotmail.com
Atelier Tous Corps d'Etat ATCE,atelier-tous-corps-d'etat-atce-470,FCP56341249CLIENTDA3000004C0001@0001,paris,a.t.c.e@hotmail.fr
Atelier Perrot,atelier-perrot-369,FCP55609774PROSPECT000001C0001@0001,paris,devismaisonidf@gmail.com
Meril Etablissements,meril-etablissements-630,FCP00288606CLIENTDA3000002C0001@0001,paris,ets.meril@free.fr
ATELIER DE LA GARE,atelier-de-la-gare-875,60241339000002C0001@0001,paris,atelierdelagare55@gmail.com
Atelier Renov Assistance,atelier-renov-assistance-862,FCP58836722CLIENTDCESS000004C0001@0001,paris,atelierrenovassistance770@yahoo.com
Les Professionnels Sarl,les-professionnels-sarl-127,FCP08873466CLIENTDCPREM000001C0001@0001,paris,lesprofessionnels75@free.fr
MDSN,mdsn-220,FCP12147148CLIENTDA2000001C0001@0001,paris,agence.paris20@mdsn.fr
ARTI-PRO,arti-pro-727,FCP60263462CLIENTDA3000002C0001@0001,paris,artisan.artsrenov@gmail.com
Bati Men's,bati-men's-455,FCP60468302CLIENTDCESS000001C0001@0001,paris,contact.batimens@gmail.com
MR JACQUES ALBERT,mr-jacques-albert-141,FCP60594623CLIENTDCPREM000004C0001@0001,paris,longong770@gmail.com
LE GOFF SARL,le-goff-sarl-220,FCP60735732CLIENTDCESS000003C0001@0001,paris,jouvehenri.1@gmail.com
Atelier Leroy,atelier-leroy-101,FCP60369375CLIENTDCPREM000001C0001@0001,paris,fitoudan@gmail.com
Entreprise Gérard,entreprise-gérard-639,FCP60583197CLIENTDCESS000003C0001@0001,paris,lambertleed@gmail.com
Jean Richard,jean-richard-623,FCP60713410CLIENTDCPREM000003C0001@0001,paris,josettecalamand1@gmail.com
Les Compagnons du Bâtiment,les-compagnons-du-bâtiment-717,FCP60581153CLIENTDCESS000004C0001@0001,paris,Depannage@lescompagnons.com
Batiment Services Nicolas,batiment-services-nicolas-377,FCP53917539CLIENTDCESS000002C0001@0001,paris,devismaisonidf@gmail.com
S.P.C Société Plomberie Couverture,s.p.c-société-plomberie-couverture-460,FCP02452500CLIENTDA3000004C0001@0001,paris,contact@spc-services.fr
Entreprise Lucas,entreprise-lucas-903,FCP60727188CLIENTDCPREM000005C0001@0001,paris,entrepriselucas@gmail.com
Atelier Brochant,atelier-brochant-453,FCP56181058PROSPECT000001C0001@0001,paris,atelier.brochant@gmail.com
Raymond Leblanc,raymond-leblanc-262,FCP60601535CLIENTDCESS000004C0001@0001,paris,josettematron1@gmail.com
Faribault,faribault-756,FCP60621517CLIENTDCPREM000002C0001@0001,paris,devismaisonidf@gmail.com
LEBEUF BERNARD ETS,lebeuf-bernard-ets-416,FCP60581267CLIENTDCPREM000002C0001@0001,paris,devismaisonidf@gmail.com
STAR PC SARL,star-pc-sarl-930,FCP60702502CLIENTDCPREM000003C0001@0001,paris,renateniedheidt1@gmail.com
Les Compagnons du Bâtiment,les-compagnons-du-bâtiment-985,FCP60588804CLIENTDCESS000003C0001@0001,paris,ebendogbe1@gmail.com
Plomberie express,plomberie-express-686,FCP60273501PROSPECT000001C0001@0001,paris,jacki.tordjman1972@gmail.com
MAR GERIOS AMENAGEMENT,mar-gerios-amenagement-864,FCP60456232CLIENTDCPREM000001C0001@0001,paris,margeriosamenagement@gmail.com
Rene Rolland SociÃ©tÃ©,rene-rolland-sociã©tã©-237,FCP60573545CLIENTDCESS000002C0001@0001,paris,devismaisonidf@gmail.com
Davidson and Co,davidson-and-co-553,FCP60244701CLIENTDA3000002C0001@0001,paris,davidsonandco@outlook.com
Entreprise Durand,entreprise-durand-276,FCP08994552CLIENTDCPREM000001C0001@0001,paris,jmp.artisan@wanadoo.fr
ADTS,adts-791,FCP60703497CLIENTDCPREM000002C0001@0001,paris,devismaisonidf@gmail.com
Maxime Construction,maxime-construction-262,FCP55270839CLIENTDCESS000001C0001@0001,paris,contact@maxime-construction.com
Lebeuf Bernard,lebeuf-bernard-160,FCP60609087CLIENTDCPREM000001C0001@0001,paris,devismaisonidf@gmail.com
Rene Rolland Société,rene-rolland-société-510,FCP60567205CLIENTDCESS000004C0001@0001,paris,devismaisonidf@gmail.com
RENE ROLLAND,rene-rolland-226,FCP60573549CLIENTDCESS000002C0001@0001,paris,devismaisonidf@gmail.com
Philippe Claude Arnaud,philippe-claude-arnaud-811,FCP54077998PROSPECT000001C0001@0001,paris,societe.pca@gmail.com
DSL Daniel Saint Louis,dsl-daniel-saint-louis-461,FCP60425196CLIENTDA3000004C0001@0001,paris,devismaisonidf@gmail.com
ATELIER DE LA GARE,atelier-de-la-gare-935,60241339000005C0001@0001,paris,atelierdelagare55@gmail.com
Alain Benoit Lamarche,alain-benoit-lamarche-813,FCP55621715PROSPECT000001C0001@0001,paris,plombiereu@gmail.com
Etablissement Poulain,etablissement-poulain-871,FCP57908134CLIENTDCPREM000001C0001@0001,paris,etablissementcolin8@gmail.com
MP Services,mp-services-766,FCP09357788PROSPECT000001C0001@0001,paris,m.p-services@orange.fr
ASI BAT,asi-bat-555,FCP60493190CLIENTDCESS000001C0001@0001,paris,asibat75@gmail.com
Rene Rolland Société,rene-rolland-société-750,FCP60567136CLIENTDCESS000002C0001@0001,paris,devismaisonidf@gmail.com
Rene Rolland Société,rene-rolland-société-374,FCP60541437CLIENTDCESS000004C0001@0001,paris,devismaisonidf@gmail.com
ENTREPRISE GUICHARD,entreprise-guichard-374,FCP60729556CLIENTDCPREM000005C0001@0001,paris,laportemarienicole1@gmail.com
Entreprise Marchand & Frères,entreprise-marchand-&-frères-205,FCP60557060CLIENTDCPREM000003C0001@0001,paris,devismaisonidf@gmail.com
Hubert Père et Fils,hubert-père-et-fils-393,FCP60126902CLIENTDCPREM000003C0001@0001,paris,hubertperefils@gmail.com
Sm Renovation,sm-renovation-494,FCP60589093CLIENTDCPREM000001C0001@0001,paris,sm.renovation75004@gmail.com
Artisan Paris Service,artisan-paris-service-797,FCP60404617CLIENTDA3000001C0001@0001,paris,artisanparisservice@gmail.com
Etablissement Pierre Labrouste,etablissement-pierre-labrouste-541,FCP60345935CLIENTDCPREM000002C0001@0001,paris,devismaisonidf@gmail.com
Martins et Doun,martins-et-doun-805,FCP60635421CLIENTDCPREM000001C0001@0001,paris,martinsetdoun@gmail.com
Etablissement Poulain,etablissement-poulain-689,FCP57908134CLIENTDCPREM000002C0001@0001,paris,etablissementcolin8@gmail.com
A.L.C,a.l.c-474,FCP06024760CLIENTDCPREM000003C0001@0001,paris,alcparis@orange.fr
Lenard Fabien,lenard-fabien-355,FCP60093332PROSPECT000001C0001@0001,paris,vpm@gmail.com
Maintenance de l'habitat Parisien,maintenance-de-l'habitat-parisien-442,FCP60537243CLIENTDCPREM000003C0001@0001,paris,devismaisonidf@gmail.com
Etablissement Pierre Labrouste,etablissement-pierre-labrouste-359,FCP60305768CLIENTDCPREM000002C0001@0001,paris,devismaisonidf@gmail.com
STEPHO DIDIER,stepho-didier-461,FCP05396762CLIENTDCPREM000002C0001@0001,paris,simonescuderi.ribot1@gmail.com
Charles Renov Habitat,charles-renov-habitat-880,FCP57586788PROSPECT000001C0001@0001,paris,zetoun.andre@yahoo.fr
Etienne Services,etienne-services-140,FCP59469060CLIENTDCESS000001C0001@0001,paris,contact@etienne-services.fr
Bati Renov SARL,bati-renov-sarl-109,FCP51211204CLIENTDA3000001C0001@0001,paris,bati-renov75@orange.fr
Aurora Marc,aurora-marc-109,FCP57545398PROSPECT000001C0001@0001,paris,christopherodriguesparis01@gmail.com
Ets Peltier et Fils,ets-peltier-et-fils-647,FCP59484389PROSPECT000001C0001@0001,paris,etspeltier1@gmail.com
ATIE BAT,atie-bat-756,FCP59444639PROSPECT000001C0001@0001,paris,atiebat@gmail.com
Ets RICHARD,ets-richard-181,FCP05352739PROSPECT000001C0001@0001,paris,ets.richard.contact@gmail.com
Réparation SANIBROYEUR  PARIS,réparation-sanibroyeur--paris-188,FCP55451181PROSPECT000001C0001@0001,paris,parisandreaparis@gmail.com
Compagnon Thomas,compagnon-thomas-475,FCP53426432CLIENTDA3000003C0001@0001,paris,compagnonthomas@gmail.com
Marcel Rénovation,marcel-rénovation-447,FCP57793029PROSPECT000001C0001@0001,paris,Gestion@marcelrenovation.fr
Plomberie Couverture Pereire,plomberie-couverture-pereire-753,FCP00289107CLIENTDCESS000002C0001@0001,paris,p.c.p.pereire@wanadoo.fr
Rénovations Kamkom,rénovations-kamkom-210,FCP56660001PROSPECT000001C0001@0001,paris,contact@renovationskamkom.fr
Porcedo Marc,porcedo-marc-354,FCP50542203CLIENTDA1000001C0001@0001,paris,marc.porcedo@orange.fr
Zk Travaux,zk-travaux-208,FCP52757197PROSPECT000001C0001@0001,paris,zktravaux@zktravaux.com
Plomberie Vasseur,plomberie-vasseur-686,FCP01870418PROSPECT000001C0001@0001,paris,contact@plomberie-vasseur.fr
Prestations et Créations du Bâtiment,prestations-et-créations-du-bâtiment-548,FCP09430216CLIENTDCPREM000001C0001@0001,paris,pcb75pcb@orange.fr
VITOVA,vitova-914,FCP58831218PROSPECT000001C0001@0001,paris,contact@vitova.fr
Euro Plomberie Services,euro-plomberie-services-513,FCP53430594PROSPECT000001C0001@0001,paris,europlomberieservices@gmail.com
Ams Assistance Habitat,ams-assistance-habitat-288,FCP56221356PROSPECT000001C0001@0001,paris,amservices75@gmail.com
JP plomberie,jp-plomberie-333,FCP56513963CLIENTDA1000001C0001@0001,paris,pereirajulioplombier@gmail.com
La Clinique Du Bâtiment,la-clinique-du-bâtiment-181,FCP08648866PROSPECT000001C0001@0001,paris,contactlacliniquedubatiment@orange.fr
AMS Bâtiment Services,ams-bâtiment-services-953,FCP54846397PROSPECT000001C0001@0001,paris,allomarwaservice@gmail.com
SAS SERVICONFOR,sas-serviconfor-602,FCP00280059PROSPECT000001C0001@0001,paris,contact@serviconfor.fr
Etb Joubert,etb-joubert-949,FCP02418222PROSPECT000001C0001@0001,paris,etbjoubert@gmail.com
Nova Couleurs,nova-couleurs-426,FCP50147320CLIENTDA3000001C0001@0001,paris,novacouleurs@orange.fr
CHM.BTP,chm.btp-629,FCP56016818PROSPECT000001C0001@0001,paris,chm-btp@hotmail.fr
Allo Marcel SAS,allo-marcel-sas-476,FCP56416151PROSPECT000001C0001@0001,paris,support@allomarcel.com
Taieb Michael,taieb-michael-199,FCP52218032PROSPECT000001C0001@0001,paris,miko_taieb@hotmail.fr
ETS Beaussart,ets-beaussart-612,FCP01817740CLIENTDA3000001C0001@0001,paris,beaussartse@gmail.com
Thomas De Père En Fils,thomas-de-père-en-fils-912,FCP54183714PROSPECT000001C0001@0001,paris,thomasdepereenfils@hotmail.fr
B . Institu,b-.-institu-344,FCP55980571CLIENTDA3000001C0001@0001,paris,amady75020@gmail.com
Vkm Construction Service,vkm-construction-service-647,FCP53487299PROSPECT000001C0001@0001,paris,vkmconstruction@yahoo.fr
Raymond Durand,raymond-durand-971,062261522000010000C0001,paris,raymond-plomberiechauffage@orange.fr
Ateliers Martin Générale,ateliers-martin-générale-741,FCP53364488PROSPECT000001C0001@0001,paris,ateliermartingenerale@gmail.com
ASA,asa-871,09507558000001C0001@0001,paris,asaparis12@orange.fr
Entreprise Plomberie Chauffage Ouazene SARL,entreprise-plomberie-chauffage-ouazene-sarl-983,FCP53311717PROSPECT000001C0001@0001,paris,pco2011@hotmail.fr
La Louisiane,la-louisiane-456,FCP05424827PROSPECT000001C0001@0001,paris,contact@la-louisiane.fr
Sanitor,sanitor-449,FCP02448262PROSPECT000001C0001@0001,paris,sanitor-sa@wanadoo.fr
Ets Durand Pere Et Fils,ets-durand-pere-et-fils-880,FCP56599946PROSPECT000001C0001@0001,paris,contact@etsdurand.com
Fécamp services,fécamp-services-873,FCP60338461PROSPECT000001C0001@0001,paris,mathieu@fecamp-services.com
Djebrani Alain,djebrani-alain-542,FCP50544341CLIENTDCESS000001C0001@0001,paris,pscg75@gmail.com
Hazan Armand,hazan-armand-442,FCP56132244PROSPECT000001C0001@0001,paris,louzha@gmail.com
Le Cyclo Plombier,le-cyclo-plombier-556,FCP56583533PROSPECT000001C0001@0001,paris,contact@cycloplombier.com
P.C.E.P,p.c.e.p-480,FCP05362520PROSPECT000001C0001@0001,paris,pcep@wanadoo.fr
SaniParis,saniparis-564,FCP54061049PROSPECT000001C0001@0001,paris,contact@saniparis.fr
Plomberie Davidson,plomberie-davidson-412,FCP55147248PROSPECT000001C0001@0001,paris,davidsonplomberie@free.fr
Artisan Sms Plomberie,artisan-sms-plomberie-290,FCP08824870PROSPECT000001C0001@0001,paris,albertsms@hotmail.fr
France Habitat Experts,france-habitat-experts-919,FCP56946404PROSPECT000001C0001@0001,paris,etsfichaix@gmail.com
France Habitat Experts,france-habitat-experts-685,FCP57087905PROSPECT000001C0001@0001,paris,etsfichaix@gmail.com
Somsou-Pons,somsou-pons-991,FCP00288801PROSPECT000001C0001@0001,paris,agence17@somsoupons.fr
STEVANOVIC MILAN,stevanovic-milan-231,FCP60477409CLIENTDCESS000001C0001@0001,paris,renovationmilan@gmail.com
Coplis-Pavlidis,coplis-pavlidis-137,FCP02449732PROSPECT000001C0001@0001,paris,coplis@wanadoo.fr
Atelier 7,atelier-7-512,FCP08585038PROSPECT000001C0001@0001,paris,atelierseptparis@gmail.com
Atelier 7,atelier-7-524,014589745900000000C0001,paris,atelierseptparis@gmail.com
Etablissement Tortosa,etablissement-tortosa-176,FCP56447951PROSPECT000001C0001@0001,paris,plombier-tortosa@sfr.fr
Bati Seize,bati-seize-410,FCP55592021PROSPECT000001C0001@0001,paris,contact@espace-ecologie.com
T-L-N,t-l-n-334,FCP57569616PROSPECT000001C0001@0001,paris,info@t-l-n.fr
TAMESTIT TRAVAUX,tamestit-travaux-609,FCP56290150PROSPECT000001C0001@0001,paris,tamestit.travaux@gmail.com
Younes Eurl,younes-eurl-400,FCP52846436PROSPECT000001C0001@0001,paris,younesrenovation@outlook.fr
Plomberie Du 20e SARL,plomberie-du-20e-sarl-808,FCP01511865PROSPECT000001C0001@0001,paris,contact@plomberiedu20eme.com
Electro-Service Decamps,electro-service-decamps-231,FCP51255304CLIENTDA2000001C0001@0001,paris,stephane@hydrocondens.com
APS Bât,aps-bât-223,FCP56330342PROSPECT000001C0001@0001,paris,apsbat.services@gmail.com
Centrale du Dépannage,centrale-du-dépannage-807,018392188700000000C0001,paris,hm2617@icloud.com
Artisan André Dépannage,artisan-andré-dépannage-643,FCP56005955PROSPECT000001C0001@0001,paris,plombier.andre@gmail.com
ART & PLOMBERIE,art-&-plomberie-395,FCP60689404CLIENTDCPREM000001C0001@0001,paris,etssadrin@gmail.com
Geberit AquaClean,geberit-aquaclean-898,FCP52299429PROSPECT000001C0001@0001,paris,aquaclean.fr@geberit.com
Verseau Sanitaire,verseau-sanitaire-748,FCP54157590PROSPECT000001C0001@0001,paris,verseausanitaire@sfr.fr
Gameel Mohamed,gameel-mohamed-402,FCP60016981PROSPECT000001C0001@0001,paris,gameel.renovation@gmail.com
L'Artisan ITS,l'artisan-its-918,FCP57429229PROSPECT000001C0001@0001,paris,info@lartisanits.fr
Plomberie Electricité Saintonge,plomberie-electricité-saintonge-532,FCP02418320PROSPECT000001C0001@0001,paris,plomberiesaintonge@gmail.com
Atelier de la Gare,atelier-de-la-gare-695,FCP60241339PROSPECT000001C0001@0001,paris,devismaisonidf@gmail.com
CSY Quality Gaz,csy-quality-gaz-749,FCP05382191PROSPECT000001C0001@0001,paris,csyqualitygaz@hotmail.fr
Confort Bain Plus,confort-bain-plus-464,FCP08002472PROSPECT000001C0001@0001,paris,comfortbainplus75@gmail.com
Aquature,aquature-968,FCP55614181PROSPECT000001C0001@0001,paris,aquaturesarl@gmail.com
LES COMPAGNONS DU SAVOIR,les-compagnons-du-savoir-369,FCP56159497PROSPECT000001C0001@0001,paris,artisan.chartier92@hotmail.fr
A.C.P,a.c.p-480,014326274000000000C0001,paris,services.acp@sfr.fr
France Dépannage,france-dépannage-154,FCP52804121PROSPECT000001C0001@0001,paris,admin@vidangefosseseptique.co
Coplis-pavlidis,coplis-pavlidis-672,0AXGM9BC0001@0001,paris,coplis@wanadoo.fr
Jerome Helley Plombier,jerome-helley-plombier-810,FCP56491720PROSPECT000001C0001@0001,paris,jl-pap@hotmail.fr
Cariou Alexandre,cariou-alexandre-398,FCP54563237PROSPECT000001C0001@0001,paris,alexandre-cariou@hotmail.fr
Sb Renovation,sb-renovation-615,FCP60582953CLIENTDCPREM000001C0001@0001,paris,spb.plomberie@gmail.com
Calvin Et Calvin SARL,calvin-et-calvin-sarl-323,FCP55518001PROSPECT000001C0001@0001,paris,contact@calvin-calvin.com
Assistance Plomberie,assistance-plomberie-260,FCP56050132PROSPECT000001C0001@0001,paris,contact@assistance-plomberie.com
Entreprise Olivier,entreprise-olivier-126,FCP02454980PROSPECT000001C0001@0001,paris,entreprise.olivier@free.fr
Nizar SARL,nizar-sarl-872,FCP54437290PROSPECT000001C0001@0001,paris,nizar.khoufi@laposte.net
Ziani Mohammed,ziani-mohammed-406,FCP55429645PROSPECT000001C0001@0001,paris,contact@depannage-pro-batiment.fr
N . S . E . R (SARL),n-.-s-.-e-.-r-(sarl)-418,8MU57IBC0001@0001,paris,nser2@orange.fr
Entreprise Olivier,entreprise-olivier-898,8OLJIFBC0001@0001,paris,entreprise.olivier@free.fr
APG,apg-973,FCP09616859CLIENTDA1000001C0001@0001,paris,ste_apg@yahoo.fr
Hagege Entreprise,hagege-entreprise-121,FCP07312963PROSPECT000001C0001@0001,paris,plombier.paris@wanadoo.fr
France Habitat Experts,france-habitat-experts-745,FCP57087918PROSPECT000001C0001@0001,paris,etsfichaix@gmail.com
Wyrazik Pawel EI,wyrazik-pawel-ei-769,FCP50081448PROSPECT000001C0001@0001,paris,pawel.wyrazik@sfr.fr
France Habitat Experts,france-habitat-experts-557,FCP57087913PROSPECT000001C0001@0001,paris,etsfichaix@gmail.com
Plomberie Paname,plomberie-paname-282,FCP56896823PROSPECT000001C0001@0001,paris,norik.g63@gmail.com
Dynabat Plomberie,dynabat-plomberie-454,095331654900010000C0001,paris,contact@dynabat.fr
AK Energie Rénovation,ak-energie-rénovation-156,FCP54330214PROSPECT000001C0001@0001,paris,energie.renovation@gmail.com
De Oliveira Marco Paulo,de-oliveira-marco-paulo-475,FCP55589874PROSPECT000001C0001@0001,paris,imdo@free.fr
Plombier Expert SARL,plombier-expert-sarl-213,FCP08730623PROSPECT000001C0001@0001,paris,plombier_expert@yahoo.fr
Les Dépanneurs Plombiers,les-dépanneurs-plombiers-508,FCP56464886PROSPECT000001C0001@0001,paris,lesdepanneursplombiers@gmail.com
Sanitherme,sanitherme-805,FCP54238152PROSPECT000001C0001@0001,paris,sanitherme@yahoo.fr
Pro Fast Rénovation,pro-fast-rénovation-588,FCP60474584CLIENTDCESS000001C0001@0001,paris,pro-fast-renovation@orange.fr
Eau Secours EI,eau-secours-ei-776,FCP53052250PROSPECT000001C0001@0001,paris,eau-secours@orange.fr
Sultan Didier,sultan-didier-957,FCP01753363PROSPECT000001C0001@0001,paris,ddsultptdep@hotmail.fr
Dépann'26,dépann'26-977,FCP53234143PROSPECT000001C0001@0001,paris,depann26@gmail.com
Aexcel Reno,aexcel-reno-795,FCP54338540PROSPECT000001C0001@0001,paris,aexcelreno@bbox.fr
Plomberie Casanova,plomberie-casanova-310,FCP56224446PROSPECT000001C0001@0001,paris,mel.tos.94@hotmail.fr
Arago Plomberie Chauffage,arago-plomberie-chauffage-543,FCP08605851PROSPECT000001C0001@0001,paris,raymond-plomberiechauffage@orange.fr
ANKRI THIERRY SARL,ankri-thierry-sarl-112,FCP51979574PROSPECT000001C0001@0001,paris,thierryankri@orange.fr
Efficace Rénovation,efficace-rénovation-372,FCP56583894PROSPECT000001C0001@0001,paris,sarl.efficacerenovation@gmail.com
Up-Travaux D'Acces Difficiles,up-travaux-d'acces-difficiles-130,FCP57724570PROSPECT000001C0001@0001,paris,contact@up-travaux.com
Dynabat Plomberie,dynabat-plomberie-231,FCP57029504PROSPECT000001C0001@0001,paris,contact@dynabat.fr
Nizar (SARL),nizar-(sarl)-296,066221429300000000C0001,paris,nizar.khoufi@laposte.net
Man'R.I.P.C,man'r.i.p.c-102,FCP55189821PROSPECT000001C0001@0001,paris,manripc@gmail.com
Delatour Plomberie Ets,delatour-plomberie-ets-799,FCP55418777PROSPECT000001C0001@0001,paris,ets.delatour@orange.fr
Plomberie Armando,plomberie-armando-587,FCP09200100PROSPECT000001C0001@0001,paris,armando.de.bonis@numericable.com
LB Sanitaire SARL,lb-sanitaire-sarl-171,FCP55182744PROSPECT000001C0001@0001,paris,lbsanitaireentreprise@yahoo.fr
Christian Bazir (SARL),christian-bazir-(sarl)-564,068281396700000000C0001,paris,christian.bazir@free.fr
Pcsa Coulon,pcsa-coulon-500,FCP06548485PROSPECT000001C0001@0001,paris,pcsa.coulon@gmail.com
H2o,h2o-742,FCP54324360PROSPECT000001C0001@0001,paris,h2o75@live.fr
Artbateco,artbateco-760,FCP53313417PROSPECT000001C0001@0001,paris,artbateco@yahoo.fr
Mbc Habitat 75,mbc-habitat-75-914,FCP60475096CLIENTDCESS000001C0001@0001,massy,contact@mbchabitat75.fr
ETS FL PLOMBERIE & GENIE CLIMATIQUE & ETANCHEITE,ets-fl-plomberie-&-genie-climatique-&-etancheite-667,FCP58978975CLIENTDCPREM000001C0001@0001,meudon la forêt,samystan2@gmail.com
Lebeuf ETS,lebeuf-ets-750,FCP60609102CLIENTDCPREM000001C0001@0001,malakoff,devismaisonidf@gmail.com
DPS Plomberie,dps-plomberie-282,FCP57751767CLIENTDCPREM000001C0001@0001,gennevilliers,dpsplomberietservices@gmail.com
OR Services,or-services-416,FCP60059914CLIENTDA3000001C0001@0001,les lilas,orservices34@gmail.com
Ets MOREL - Artisan Plombier,ets-morel---artisan-plombier-758,FCP60089142CLIENTDA3000001C0001@0001,nogent sur marne,contact.etsmorel@gmail.com
Yoann Guyard EIRL,yoann-guyard-eirl-741,FCP52485746CLIENTDA1000001C0001@0001,neuilly plaisance,yoann.guyard@yahoo.fr
SAS Ycilo,sas-ycilo-619,FCP60271141CLIENTDCPREM000001C0001@0001,vitry sur seine,info@ycilo.com
VINCENT GOMMER,vincent-gommer-474,FCP57888001CLIENTDA2000001C0001@0001,vitry sur seine,gommervincent@gmail.com
Equipement Industriel Europeen,equipement-industriel-europeen-435,FCP00297812CLIENTDA3000001C0001@0001,sept sorts,jose.de-sousa@eie.fr
Allo Sanyrapid,allo-sanyrapid-563,FCP00743916CLIENTDA3000002C0001@0001,paris,allosanyrapid@orange.fr
Centrale thermique plomberie et électricité,centrale-thermique-plomberie-et-électricité-825,FCP60022163CLIENTDA3000002C0001@0001,paris,ctpe.idf@gmail.com
Artisan Paris Service,artisan-paris-service-289,FCP60054183CLIENTDA3000001C0001@0001,paris,artisanparisservice@gmail.com
Artisan Paris Service,artisan-paris-service-916,FCP60167640CLIENTDA3000001C0001@0001,paris,artisanparisservice@gmail.com
Etablissement Ayeh,etablissement-ayeh-499,FCP59753551CLIENTDA3000002C0001@0001,paris,etablissementayehbatiment@gmail.com
Riboux Et Felden Ets,riboux-et-felden-ets-147,FCP00290328CLIENTDA3000003C0001@0001,paris,felden.didier@wanadoo.fr
Ets Chaligny,ets-chaligny-639,FCP52018191CLIENTDA3000003C0001@0001,paris,etschaligny@yahoo.fr
S.D.R.,s.d.r.-534,FCP53065452CLIENTDA3000001C0001@0001,paris,sdr88@orange.fr
Entreprise Quentin,entreprise-quentin-893,FCP52361360CLIENTDA3000002C0001@0001,paris,quentinplombier@gmail.com
Artisan Paris Service,artisan-paris-service-414,FCP60167647CLIENTDA3000001C0001@0001,paris,artisanparisservice@gmail.com
DSL Daniel Saint Louis,dsl-daniel-saint-louis-551,FCP60236452CLIENTDA3000002C0001@0001,paris,devismaisonidf@gmail.com
S.D.R.,s.d.r.-543,FCP53065452CLIENTDA3000006C0001@0001,paris,sdr88@orange.fr
Ets Chaligny,ets-chaligny-632,FCP52018191CLIENTDA3000007C0001@0001,paris,etschaligny@yahoo.fr
ECR Ets Claude Roux,ecr-ets-claude-roux-606,FCP60233351CLIENTDA3000002C0001@0001,paris,devismaisonidf@gmail.com
ECR Ets Claude Roux,ecr-ets-claude-roux-640,FCP60233354CLIENTDA3000002C0001@0001,paris,devismaisonidf@gmail.com
Curt Chauffage Sanitaire,curt-chauffage-sanitaire-883,FCP55479339CLIENTDCESS000001C0001@0001,sarlat la canéda,curt.plomberie@gmail.com
Defrance SAS,defrance-sas-484,FCP00384933CLIENTDCPREM000008C0001@0001,nogent sur oise,contact@defrance.fr
Aqua' Services,aqua'-services-607,09595936000001C0001@0001,beauvais,contact@aqua-services.net
MF Plomberie Chauffage,mf-plomberie-chauffage-962,FCP57803753CLIENTDA3000002C0001@0001,bresles,fedeli.michel@orange.fr
BOUVRY TECHNIQUE CHAUFFAGE CLIMATISATION,bouvry-technique-chauffage-climatisation-955,FCP09708667CLIENTDCESS000003C0001@0001,lagny le sec,contact@bt2c.fr
SARL Legendre,sarl-legendre-327,FCP07081258CLIENTDA3000002C0001@0001,fitz james,sarl-legendre@orange.fr
Guillotin Plomberie,guillotin-plomberie-210,FCP57334880CLIENTDCPREM000003C0001@0001,crépy en valois,contact@guillotin-plomberie.fr
Jevouchtak Nicolas,jevouchtak-nicolas-417,FCP00385711CLIENTDA3000004C0001@0001,agnetz,nicolas.jevouchtak@orange.fr
Desforges Et Meunier ETS,desforges-et-meunier-ets-101,FCP50707987CLIENTDA3000004C0001@0001,maignelay montigny,ets-desforges-et-meunier@orange.fr
Guillaume SARL,guillaume-sarl-614,FCP57238446CLIENTDA3000004C0001@0001,gouvieux,contact@guillaumesarl.fr
Laurent Frendo,laurent-frendo-805,FCP55725881CLIENTDA3000001C0001@0001,gouvieux,Lolofrendo@gmail.com
M.B. Plomberie/Chauffage,m.b.-plomberie/chauffage-465,FCP58148560CLIENTDA3000001C0001@0001,beauvais,contact@mbplomberie.fr
Sarl D. PETIGNY,sarl-d.-petigny-990,FCP00916918CLIENTDA3000003C0001@0001,clairoix,d.petigny@orange.fr
Dujour Bernard et Fils SARL,dujour-bernard-et-fils-sarl-183,FCP00385813CLIENTDCESS000006C0001@0001,compiègne,jranson@pagesjaunes.fr
Moens Thierry,moens-thierry-254,FCP01683246CLIENTDCESS000002C0001@0001,gournay sur aronde,thierry.moens@orange.fr
Etablissements Aubin,etablissements-aubin-292,FCP02267681CLIENTDCPREM000001C0001@0001,lieuvillers,ets.aubin@orange.fr
Fagot Fabrice Et Cie SARL,fagot-fabrice-et-cie-sarl-817,FCP00384705CLIENTDCPREM000006C0001@0001,crépy en valois,fabrice.fagot60@orange.fr
Thibault Christian,thibault-christian-416,FCP01722157CLIENTDCESS000002C0001@0001,gouvieux,christianthibault60@gmail.com
Technobat,technobat-568,FCP07504676CLIENTDA3000007C0001@0001,gouvieux,technobatlandais@wanadoo.fr
SARL Paixao,sarl-paixao-657,FCP54006522CLIENTDCESS000001C0001@0001,fouilloy,sarl.paixao@hotmail.com
ARH Lesigne,arh-lesigne-889,FCP56006210CLIENTDCPREM000001C0001@0001,gouvieux,arh.lesigne@gmail.com
Sani Therme,sani-therme-114,FCP56798481CLIENTDA3000002C0001@0001,senlis,sanitherme@laposte.net
SAINT JOSEPH,saint-joseph-938,FCP60483721CLIENTDCPREM000003C0001@0001,mouy,contact.confort.saintjoseph@gmail.com
Eurl SIKSIK VINCENT PLOMBERIE,eurl-siksik-vincent-plomberie-107,FCP57108627PROSPECT000001C0001@0001,milly sur thérain,vince.depannage@outlook.fr
Atelier Delaunay,atelier-delaunay-426,FCP60754895CLIENTDCESS000004C0001@0001,saint maximin,service.assistance.batiment@gmail.com
Atelier Delaunay,atelier-delaunay-693,FCP60754888CLIENTDCESS000004C0001@0001,compiègne,service.assistance.batiment@gmail.com
George Fabrice,george-fabrice-222,FCP57478839CLIENTDA3000002C0001@0001,monts,george.fabrice@laposte.net
SARL EFOR-BAT,sarl-efor-bat-385,FCP60265256CLIENTDA3000002C0001@0001,beauvais,efor.bat@yahoo.com
Yann-dépanne beauvais,yann-dépanne-beauvais-814,FCP60777302CLIENTDCESS000001C0001@0001,beauvais,yanndepanne@outlook.fr
DDCP60,ddcp60-506,FCP53177302CLIENTDCESS000001C0001@0001,crèvecoeur le grand,ddcp-60@sfr.fr
MDS 60,mds-60-219,FCP51815075CLIENTDCESS000001C0001@0001,beauvais,sarl.mds60@orange.fr
GDJ Couverture Plomberie,gdj-couverture-plomberie-800,FCP58658171CLIENTDA2000001C0001@0001,nanteuil le haudouin,dave77xx@sfr.fr
M.B Plomberie,m.b-plomberie-664,FCP53544941PROSPECT000001C0001@0001,allonne,mbplomberie@sfr.fr
Mag-Bat EURL,mag-bat-eurl-652,FCP54455286PROSPECT000001C0001@0001,laboissière en thelle,info@mag-bat.com
Plombier 60,plombier-60-479,FCP57152169PROSPECT000001C0001@0001,montataire,plombieroise@gmail.com
Ajp Politowski,ajp-politowski-126,061109303100000000C0001,verneuil en halatte,ajp.politowski@gmail.com
Louise Berthy,louise-berthy-955,FCP08619588CLIENTDCESS000001C0001@0001,le vaumain,berthylouise@gmail.com
M.B Plomberie,m.b-plomberie-132,034403014700000000C0001,allonne,mbplomberie@sfr.fr
Jouas Jérôme Plomberie SARL,jouas-jérôme-plomberie-sarl-980,FCP57550813PROSPECT000001C0001@0001,cauvigny,jerome-jouas@j-jpc.com
Picardie Services,picardie-services-937,FCP57341158PROSPECT000001C0001@0001,le plessis belleville,picardieservices@gmail.com
Kobsch,kobsch-427,FCP55376613PROSPECT000001C0001@0001,sacy le grand,stekobsch@gmail.com
S.D.R. 60,s.d.r.-60-860,FCP53871723PROSPECT000001C0001@0001,bailleval,sdr60@hotmail.fr
Vasseur EURL,vasseur-eurl-119,FCP51779115PROSPECT000001C0001@0001,montmacq,cedric-vasseur@hotmail.fr
Chauffage Plomberie Parry,chauffage-plomberie-parry-694,FCP51304931PROSPECT000001C0001@0001,pierrefitte en beauvaisis,chauff-plomb@hotmail.fr
Lesage et Boucher,lesage-et-boucher-588,FCP08589054CLIENTDA1000001C0001@0001,pont sainte maxence,lesageetboucher@orange.fr
Trochet . S . Plombichauff60,trochet-.-s-.-plombichauff60-851,FCP55102858PROSPECT000001C0001@0001,ully saint georges,trochetsteeve@yahoo.fr
Aqua Sani-Chauff,aqua-sani-chauff-976,FCP00384089CLIENTDCESS000001C0001@0001,compiègne,aqua-sani-chauff@orange.fr
Lobbé Plomberie SAS,lobbé-plomberie-sas-768,FCP56967372PROSPECT000001C0001@0001,guignecourt,lobbeplomberie@gmail.com
Normand Didier,normand-didier-122,FCP53398955PROSPECT000001C0001@0001,précy sur oise,plomberie-dnormand@orange.fr
BDR,bdr-468,FCP08859001CLIENTDA2000001C0001@0001,beauvais,contact@bdridf.fr
BMI Plomberie Chauffage Sanitaire,bmi-plomberie-chauffage-sanitaire-456,FCP55014604PROSPECT000001C0001@0001,béthisy saint martin,michel.bart3@hotmail.com
IEGC,iegc-545,FCP51517164PROSPECT000001C0001@0001,beauvais,Contact@60degres.fr
Duflot Multiservices,duflot-multiservices-521,FCP52232411CLIENTDCESS000001C0001@0001,béthisy saint pierre,duflotmultiservices@orange.fr
DHOTELLE SARL,dhotelle-sarl-981,FCP08835959CLIENTDA2000001C0001@0001,thiverny,sarldhotelle@orange.fr
Balland Jérôme,balland-jérôme-667,FCP55481231PROSPECT000001C0001@0001,chambors,scirosanne@hotmail.fr
Le Geste Pro SARL,le-geste-pro-sarl-853,FCP57035114PROSPECT000001C0001@0001,venette,secretariat@legestepro.fr
Houel Eurl,houel-eurl-639,FCP57154272PROSPECT000001C0001@0001,villeneuve les sablons,plomberiehoueldenis@gmail.com
V.H.P,v.h.p-490,FCP54402295PROSPECT000001C0001@0001,saint paul,vhp.plomberie@orange.fr
A.C.P,a.c.p-454,FCP06286411PROSPECT000001C0001@0001,chambly,acphervieu@orange.fr
Bergeret SARL,bergeret-sarl-348,FCP00383634PROSPECT000001C0001@0001,méru,rbergeret@sfr.fr
Sobral Entreprise,sobral-entreprise-610,FCP51049412CLIENTDA1000001C0001@0001,labruyère,sobral.entreprise@orange.fr
ATS Plomberie Chauffage,ats-plomberie-chauffage-324,FCP54141001PROSPECT000001C0001@0001,cires lès mello,ats.plomberie@free.fr
JSL Plomberie Chauffage,jsl-plomberie-chauffage-394,FCP55231367PROSPECT000001C0001@0001,francières,jslchauffage@outlook.fr
Eric Plomberie,eric-plomberie-393,FCP51884457PROSPECT000001C0001@0001,venette,eric.plomberie60@gmail.com
DM Plomberie Chauffage,dm-plomberie-chauffage-772,FCP56521073PROSPECT000001C0001@0001,le coudray saint germer,dmplomberiechauffage@orange.fr
Dimao,dimao-900,FCP59009401PROSPECT000001C0001@0001,fitz james,willaume.mickael@dimao.fr
Litadier Olivier,litadier-olivier-157,FCP56410427PROSPECT000001C0001@0001,creil,litadierolivier@hotmail.fr
PLSCP Sanitaire,plscp-sanitaire-741,FCP57544258PROSPECT000001C0001@0001,bornel,contactplscp@gmail.com
Wade Entreprise,wade-entreprise-504,FCP53689796PROSPECT000001C0001@0001,rouvillers,wade.entreprise@orange.fr
Demoulin Stéphane,demoulin-stéphane-198,FCP52606397PROSPECT000001C0001@0001,maignelay montigny,stephanedemoulin@hotmail.fr
Demoulin Stéphane,demoulin-stéphane-612,062959880000000000C0001,maignelay montigny,stephanedemoulin@hotmail.fr
Michael Jouan Rénovation,michael-jouan-rénovation-409,FCP51328630CLIENTDA2000001C0001@0001,noyon,michaeljouan@free.fr
Sanit'air 60,sanit'air-60-653,FCP53876689PROSPECT000001C0001@0001,compiègne,sanit-air60@sfr.fr
Thermotec Services SARL,thermotec-services-sarl-104,FCP56150507PROSPECT000001C0001@0001,thourotte,thermotecservices@gmail.com
FM Thermique,fm-thermique-818,FCP59095021PROSPECT000001C0001@0001,villeneuve sur verberie,fmthermique@gmail.com
ND Plomberie,nd-plomberie-314,FCP53625733PROSPECT000001C0001@0001,lamorlaye,nd.plomberie@hotmail.fr
Schlappi,schlappi-194,FCP57015192PROSPECT000001C0001@0001,carlepont,schlappijerome@gmail.com
Sanit'air 60,sanit'air-60-360,061325127100000000C0001,compiègne,sanit-air60@sfr.fr
Global Thermique,global-thermique-484,FCP56852066PROSPECT000001C0001@0001,nogent sur oise,global.thermique@gmail.com
Hulin,hulin-709,FCP57750506PROSPECT000001C0001@0001,la neuville roy,hulin.plombier_chauffagiste@yahoo.com
Ast Plomberie,ast-plomberie-223,FCP53226162CLIENTDA1000001C0001@0001,chambly,astplomberie@orange.fr
C . P . C . S Habitat,c-.-p-.-c-.-s-habitat-590,FCP09341150PROSPECT000001C0001@0001,méru,cpcshabitat@yahoo.fr
A.S Plomberie,a.s-plomberie-833,078756076800000000C0001,longueil annel,asplomberie60150@gmail.com
SMT Confort,smt-confort-595,078686139200000000C0001,chiry ourscamp,bachelle.sebastien@orange.fr
FD Le Plombier,fd-le-plombier-433,FCP54006389PROSPECT000001C0001@0001,saint vaast de longmont,fdleplombier@gmail.com
P E H Eric Hétrus,p-e-h-eric-hétrus-482,FCP57429127PROSPECT000001C0001@0001,séry magneval,e.hetrus@laposte.net
Therm'h2o,therm'h2o-843,FCP55357976PROSPECT000001C0001@0001,andeville,thermh2o@gmail.com
Egb Services,egb-services-570,FCP59599141PROSPECT000001C0001@0001,varesnes,didier.beausire@sfr.fr
Chaleur Confort & Economie CCE,chaleur-confort-&-economie-cce-362,FCP53288220PROSPECT000001C0001@0001,ermenonville,chaleur.confort.economie@gmail.com
Dromacque Christophe,dromacque-christophe-754,FCP51552763PROSPECT000001C0001@0001,estrées saint denis,plomberie.chauffage60190@orange.fr
JB3 Bâtiment,jb3-bâtiment-371,FCP56813208PROSPECT000001C0001@0001,chambly,jb3batiment@gmail.com
Cuvellier Bertrand,cuvellier-bertrand-690,FCP54429418PROSPECT000001C0001@0001,pontpoint,cuvellier.bertrand@hotmail.fr
JCV Plomberie 60,jcv-plomberie-60-499,061567446900000000C0001,nointel,jcvplomberie60@gmail.com
Covaly-Sani-Therm-Install,covaly-sani-therm-install-642,FCP54580008PROSPECT000001C0001@0001,creil,cova.renova@gmail.com
Segales William,segales-william-519,FCP56241552PROSPECT000001C0001@0001,nanteuil le haudouin,adw.segales@gmail.com
F 2 D  -  Tous Travaux Intérieur & Extérieur,f-2-d-----tous-travaux-intérieur-&-extérieur-999,FCP60548982CLIENTDCESS000001C0001@0001,villeselve,sasuf2d@gmail.com
Cazal Plomberie,cazal-plomberie-310,077780378900000000C0001,saint sulpice,cazal.plomberie@outlook.fr
A . T . S (EURL),a-.-t-.-s-(eurl)-245,8KLBZ7BC0001@0001,breteuil,atservice95@gmail.com
A . T . S EURL,a-.-t-.-s-eurl-120,FCP56973153PROSPECT000001C0001@0001,breteuil,atservice95@gmail.com
Aqualuno,aqualuno-755,FCP51999669PROSPECT000001C0001@0001,chantilly,aqualuno@live.fr
Raouf Sami,raouf-sami-334,FCP56087989PROSPECT000001C0001@0001,méru,universelplomberie@gmail.com
BS Energies,bs-energies-367,FCP55142607PROSPECT000001C0001@0001,therdonne,bsenergies@free.fr
Le Sanitaire Moderne,le-sanitaire-moderne-904,FCP08065640PROSPECT000001C0001@0001,catenoy,lesanitairemoderne@orange.fr
Louet Ghislain,louet-ghislain-656,FCP53736206PROSPECT000001C0001@0001,chambly,ghislainlouet@aol.com
Horn Philippe,horn-philippe-103,FCP55818630PROSPECT000001C0001@0001,salency,brigite.horn@bbox.fr
Valois Rénovations,valois-rénovations-535,FCP60797830PROSPECT000001C0001@0001,glaignes,valoisrenovations@gmail.com
Plaudin Plomberie,plaudin-plomberie-735,FCP57526255PROSPECT000001C0001@0001,morvillers,nanouchat60@orange.fr
Plomberie Multi Service,plomberie-multi-service-644,062438560000000000C0001,jouy sous thelle,sarl.pms60@gmail.com
Adps60 SASU,adps60-sasu-214,FCP56821369PROSPECT000001C0001@0001,fleurines,adps.martin.roze@gmail.com
Épsa Habitat SASU,épsa-habitat-sasu-743,FCP57553720PROSPECT000001C0001@0001,beaudéduit,jerome.vandroy@neuf.fr
Archi Bat Design SARL,archi-bat-design-sarl-533,FCP57243594PROSPECT000001C0001@0001,fleurines,contact@archibatdesign.fr
E . F . P . C,e-.-f-.-p-.-c-321,FCP56401318PROSPECT000001C0001@0001,ver sur launette,enrique.ferrandiz@yahoo.fr
Ferreira Moco Damien,ferreira-moco-damien-465,FCP56145940PROSPECT000001C0001@0001,vineuil saint firmin,damien@cl3791.fr
Plomberie Multi Service,plomberie-multi-service-372,FCP53652281PROSPECT000001C0001@0001,jouy sous thelle,sarl.pms60@gmail.com
Plomberie du Clermontois,plomberie-du-clermontois-159,FCP57375863PROSPECT000001C0001@0001,fitz james,plomberieclermontois@gmail.com
Bachimont,bachimont-609,FCP56931318PROSPECT000001C0001@0001,haudivillers,fabienbachimont@gmail.com
Cazal Plomberie,cazal-plomberie-365,FCP56030472PROSPECT000001C0001@0001,saint sulpice,cazal.plomberie@outlook.fr
Dobigny Thierry,dobigny-thierry-687,08448338000001C0001@0001,luchy,thierry.doubigny60@orange.fr
Petit Vincent,petit-vincent-813,FCP09240796CLIENTDCESS000001C0001@0001,verberie,petitvincent68@gmail.com
Alexis Boussois Plomberie,alexis-boussois-plomberie-1000,FCP53884003PROSPECT000001C0001@0001,bulles,ab-plomberie@orange.fr
Renovation Concept,renovation-concept-217,065278983600000000C0001,chantilly,renovationconcept60@outlook.fr
Renovation Concept,renovation-concept-257,FCP56957452PROSPECT000001C0001@0001,chantilly,renovationconcept60@outlook.fr
Boc EURL,boc-eurl-999,FCP53622540PROSPECT000001C0001@0001,monneville,laurent219@wanadoo.fr
Plomberie Marcot Frederic,plomberie-marcot-frederic-457,068058201200000000C0001,la neuville en hez,plomberiemarcot@hotmail.com
FD Le Plombier,fd-le-plombier-529,066492346800000000C0001,saint vaast de longmont,fdleplombier@gmail.com
D.C.P.I. Dépannage Plomberie Chauffage et Installation,d.c.p.i.-dépannage-plomberie-chauffage-et-installation-118,FCP53770967PROSPECT000001C0001@0001,verderonne,dcpi@sfr.fr
APEP,apep-584,FCP56144668PROSPECT000001C0001@0001,mortefontaine en thelle,apepplomberie@gmail.com
Bindler David,bindler-david-563,FCP54201946PROSPECT000001C0001@0001,conchy les pots,david.bindler@sfr.fr
Maillard Eric,maillard-eric-184,FCP53116984CLIENTDA2000001C0001@0001,asnières sur oise,maillard.er@gmail.com
ELPF,elpf-703,FCP54460405CLIENTDA3000005C0001@0001,meudon,elpfassistance@gmail.com
ETABLISSEMENT RODIN PERE ET FILS,etablissement-rodin-pere-et-fils-869,FCP59832841CLIENTDA3000003C0001@0001,boulogne billancourt,etsrodin@gmail.com
Ets Leroy Pére et Fils,ets-leroy-pére-et-fils-339,51843502000025C0001@0001,colombes,ets.leroy@hotmail.fr
Ateliers Martin Générale,ateliers-martin-générale-995,FCP54789420CLIENTDCESS000005C0001@0001,colombes,ateliermartingenerale@gmail.com
ATELIER ALBERT,atelier-albert-625,FCP56931434CLIENTDCESS000003C0001@0001,la garenne colombes,atelieralbert92@gmail.com
Clément Patrick,clément-patrick-382,FCP00864253CLIENTDCPREM000001C0001@0001,fontenay aux roses,patrclement@msn.com
Ets Leroy Pére et Fils,ets-leroy-pére-et-fils-757,51843502000021C0001@0001,rueil malmaison,ets.leroy@hotmail.fr
Ets Leroy Pére et Fils,ets-leroy-pére-et-fils-781,51843502000033C0001@0001,chatou,ets.leroy@hotmail.fr
Ets Fontaine Père et Fils,ets-fontaine-père-et-fils-234,53211441000009C0001@0001,le chesnay,etsfontaine@hotmail.fr
Inter-ville Dépannage Plomberie,inter-ville-dépannage-plomberie-929,FCP01536747CLIENTDA3000003C0001@0001,clamart,david.yazed@gmail.com
Société Fouqueray,société-fouqueray-914,FCP00090289CLIENTDA3000005C0001@0001,rueil malmaison,contact@fouqueray.fr
Meribat,meribat-824,8KBK43BC0001@0001,l'haý les roses,rag_meri@hotmail.fr
Entreprise S Voisin,entreprise-s-voisin-114,FCP00190906CLIENTDA3000003C0001@0001,le chesnay,svoisin@svoisin.com
Mallet père et fils,mallet-père-et-fils-437,FCP07191873CLIENTDA3000003C0001@0001,bagneux,mallet.richard92@free.fr
